{"cameraMode":{"drawMode":0,"name":"Shaded","section":"Shading Mode"},"sceneLighting":false,"audioPlay":false,"sceneViewState":{"showFog":true,"showMaterialUpdate":true,"showSkybox":false,"showFlares":true,"showImageEffects":true,"showParticleSystems":true},"in2DMode":false,"pivot":{"x":6.000000476837158,"y":8.427000045776368,"z":22.499996185302736},"rotation":{"x":0.29880741238594057,"y":-0.4223690629005432,"z":0.14979317784309388,"w":0.8425440788269043},"size":81.72179412841797,"orthographic":false}