{"cameraMode":{"drawMode":0,"name":"Shaded","section":"Shading Mode"},"sceneLighting":false,"audioPlay":false,"sceneViewState":{"showFog":true,"showMaterialUpdate":true,"showSkybox":false,"showFlares":true,"showImageEffects":true,"showParticleSystems":true},"in2DMode":false,"pivot":{"x":18.500024795532228,"y":-4.499999523162842,"z":27.49997329711914},"rotation":{"x":0.29880741238594057,"y":-0.4223690629005432,"z":0.14979317784309388,"w":0.8425440788269043},"size":105.1641845703125,"orthographic":false}