{"cameraMode":{"drawMode":0,"name":"Shaded","section":"Shading Mode"},"sceneLighting":false,"audioPlay":false,"sceneViewState":{"showFog":true,"showMaterialUpdate":true,"showSkybox":false,"showFlares":true,"showImageEffects":true,"showParticleSystems":true},"in2DMode":false,"pivot":{"x":18.500059127807618,"y":0.125,"z":27.499998092651368},"rotation":{"x":0.29880741238594057,"y":-0.4223690629005432,"z":0.14979317784309388,"w":0.8425440788269043},"size":108.0791015625,"orthographic":false}