{"cameraMode":{"drawMode":0,"name":"Shaded","section":"Shading Mode"},"sceneLighting":false,"audioPlay":false,"sceneViewState":{"showFog":true,"showMaterialUpdate":true,"showSkybox":false,"showFlares":true,"showImageEffects":true,"showParticleSystems":true},"in2DMode":false,"pivot":{"x":-1.1920928955078126e-7,"y":-0.13350380957126618,"z":0.42994463443756106},"rotation":{"x":-0.05106668546795845,"y":0.7655147910118103,"z":-0.06122924014925957,"w":-0.6384593844413757},"size":2.5759100914001467,"orthographic":false}