{"cameraMode":{"drawMode":0,"name":"Shaded","section":"Shading Mode"},"sceneLighting":false,"audioPlay":false,"sceneViewState":{"showFog":true,"showMaterialUpdate":true,"showSkybox":true,"showFlares":true,"showImageEffects":true,"showParticleSystems":true},"in2DMode":false,"pivot":{"x":67.88009643554688,"y":242.75482177734376,"z":120.03228759765625},"rotation":{"x":0.23658716678619386,"y":0.04151619225740433,"z":-0.020244814455509187,"w":0.970511794090271},"size":847.7827758789063,"orthographic":false}