{"cameraMode":{"drawMode":0,"name":"Shaded","section":"Shading Mode"},"sceneLighting":false,"audioPlay":false,"sceneViewState":{"showFog":true,"showMaterialUpdate":true,"showSkybox":false,"showFlares":true,"showImageEffects":true,"showParticleSystems":true},"in2DMode":false,"pivot":{"x":18.765897750854493,"y":0.9873898029327393,"z":24.452301025390626},"rotation":{"x":-0.0078034368343651299,"y":0.9865660071372986,"z":-0.1554829478263855,"w":-0.04951484501361847},"size":22.0,"orthographic":false}