{"cameraMode":{"drawMode":0,"name":"Shaded","section":"Shading Mode"},"sceneLighting":false,"audioPlay":false,"sceneViewState":{"showFog":true,"showMaterialUpdate":true,"showSkybox":false,"showFlares":true,"showImageEffects":true,"showParticleSystems":true},"in2DMode":false,"pivot":{"x":10.50000286102295,"y":2.000000476837158,"z":10.49999713897705},"rotation":{"x":0.29880741238594057,"y":-0.4223690629005432,"z":0.14979317784309388,"w":0.8425440788269043},"size":50.6015510559082,"orthographic":false}